project_name,supplier,methodology,country,project_url,project_id,source_url,source_snapshot_path
A. James - 50370 Brecey,Carbonapp,Wooden Building Elements,France,https://registry.puro.earth/projects/181856,181856,https://registry.puro.earth/projects,data/raw/puro_earth/projects.html
Alcom-01-NuevaEcijaPhilippines,Alcom Carbon Markets Pte Ltd,"Biochar, 2022",Philippines,https://registry.puro.earth/projects/227253,227253,https://registry.puro.earth/projects,data/raw/puro_earth/projects.html
"American BioCarbon CT, LLC","American BioCarbon CT, LLC","Biochar, 2022",United States,https://registry.puro.earth/projects/543800,543800,https://registry.puro.earth/projects,data/raw/puro_earth/projects.html
Aperam BioEnergia,Aperam Bioenergia Ltda,"Biochar, 2022",Brazil,https://registry.puro.earth/projects/175613,175613,https://registry.puro.earth/projects,data/raw/puro_earth/projects.html
Applied Carbon – Terra,Applied Carbon Inc.,"Biochar, 2022",United States,https://registry.puro.earth/projects/686528,686528,https://registry.puro.earth/projects,data/raw/puro_earth/projects.html
"Are Treindustrier, Norway",Accend AS,Wooden Building Elements,Norway,https://registry.puro.earth/projects/310958,310958,https://registry.puro.earth/projects,data/raw/puro_earth/projects.html
Avonmouth Production Facility,O.C.O Technology Limited,Carbonated Materials,United Kingdom,https://registry.puro.earth/projects/756292,756292,https://registry.puro.earth/projects,data/raw/puro_earth/projects.html
BASNA d.o.o.,Basna d.o.o.,"Biochar, 2022",Serbia,https://registry.puro.earth/projects/957051,957051,https://registry.puro.earth/projects,data/raw/puro_earth/projects.html
BBB - Ahlstrom_Radcliffe,Black Bull Biochar Ltd,"Biochar, 2022",United Kingdom,https://registry.puro.earth/projects/511686,511686,https://registry.puro.earth/projects,data/raw/puro_earth/projects.html
BBB - AWJ_Newton Rigg (JNR),Black Bull Biochar Ltd,"Biochar, 2022",United Kingdom,https://registry.puro.earth/projects/448190,448190,https://registry.puro.earth/projects,data/raw/puro_earth/projects.html
